<?xml version="1.0" encoding="UTF-8" standalone="yes"?>
<addon id="repository.nuodtayo.tv.addons" name="nuodtayo.tv Repo" version="0.0.2" provider-name="nuodtayo.tv">
    <extension point="xbmc.addon.repository" name="nuodtayo.tv Repo">
        <info compressed="false">http://94080.duckdns.org:9000/kodi/nuodtayo.tv/addons.xml</info>
        <checksum>http://94080.duckdns.org:9000/kodi/nuodtayo.tv/addons.xml.md5</checksum>
        <datadir zip="true">http://94080.duckdns.org:9000/kodi/nuodtayo.tv/downloads</datadir>
    </extension>
    <extension point="xbmc.addon.metadata">
        <summary>XBMC Plugins</summary>
        <description>Nuodtayo.TV Kodi Repo</description>
        <disclaimer>Yun lang</disclaimer>
        <language>en</language>
        <platform>all</platform>
    </extension>
</addon>
