<?xml version="1.0" encoding="UTF-8" standalone="yes"?>
<addon id="plugin.video.tfctv" name="TFC.tv" version="0.1.7" provider-name="nuodtayo.tv">
    <requires>
        <import addon="xbmc.python" version="2.1.0"/>
        <import addon="script.module.parsedom" version="0.9.1"/>
    </requires>
    <extension point="xbmc.python.pluginsource" library="default.py">
        <provides>video</provides>
    </extension>
  <extension point="xbmc.addon.metadata">
    <platform>all</platform>
    <summary>TFC.tv</summary>
    <description>Yun lang</description>
  </extension>
  <extension point="xbmc.addon.repository" name="nuodtayo.tv Repo">
      <info compressed="false">http://github.com/benaranguren/nuodtayo.tv/raw/master/addons.xml</info>
      <checksum>http://github.com/benaranguren/nuodtayo.tv/raw/master/addons.xml.md5</checksum>
      <datadir zip="true">http://github.com/benaranguren/nuodtayo.tv/raw/master/downloads</datadir>
  </extension>
</addon>
